,precision,recall,f1-score,support
Negative,0.7712981744421906,0.8894736842105263,0.8261814231395981,1710.0
Neutral,0.14,0.024734982332155476,0.042042042042042045,283.0
Positive,0.8840511121628017,0.8720821661998133,0.8780258519388954,2142.0
accuracy,0.8212817412333736,0.8212817412333736,0.8212817412333736,0.8212817412333736
macro avg,0.5984497622016641,0.5954302775808317,0.5820831057068452,4135.0
weighted avg,0.7864999662754214,0.8212817412333736,0.7993711018911063,4135.0
