Metric,Score
eval_loss,0.5367187261581421
eval_accuracy,0.8212817412333736
eval_f1_weighted,0.7993711018911063
eval_f1_macro,0.5820831057068452
eval_precision_negative,0.7712981744421906
eval_recall_negative,0.8894736842105263
eval_f1_negative,0.8261814231395981
eval_runtime,36.253
eval_samples_per_second,114.06
eval_steps_per_second,14.261
epoch,2.9978234582829506
